invoice_no,gstin,customer,taxable_amt,cgst,sgst,igst,total,date
INV-0101,27AAACB1234F1Z5,Shree Balaji Traders,52957.01,4766.13,4766.13,0.00,62489.27,2025-06-02
INV-0102,07AAACO5678G1Z2,Om Enterprises,60616.29,5455.47,5455.47,0.00,71527.22,2025-06-16
INV-0103,29AAACK9012H1Z8,Kumar & Sons,21740.81,1956.67,1956.67,0.00,25654.16,2025-07-18
INV-0104,36AAACG3456I1Z1,Global Tech Solutions,12687.14,1141.85,1141.85,0.00,14970.83,2025-07-18
INV-0105,19AAACS7890J1Z4,Sunrise Distributors,71913.47,6472.21,6472.21,0.00,84857.89,2025-06-06
INV-0106,24AAACP2345K1Z7,Pinnacle Industries,49286.94,4435.82,4435.82,0.00,58158.59,2025-06-03
INV-0107,33AAACN6789L1Z0,Nova Logistics,7234.79,651.13,651.13,0.00,8537.05,2025-06-14
INV-0108,06AAACE0123M1Z3,Everest Suppliers,22449.57,2020.46,2020.46,0.00,26490.49,2025-07-09
INV-0109,27AAACS4567N1Z6,Silverline Corp,6990.20,629.12,629.12,0.00,8248.44,2025-06-13
INV-0110,09AAACA8901O1Z9,Ashoka Metals,58701.47,5283.13,5283.13,0.00,69267.73,2025-07-15
INV-0111,27AAACB1234F1Z5,Shree Balaji Traders,45870.61,4128.35,4128.35,0.00,54127.32,2025-06-15
INV-0112,07AAACO5678G1Z2,Om Enterprises,38690.68,3482.16,3482.16,0.00,45655.00,2025-06-18
INV-0113,29AAACK9012H1Z8,Kumar & Sons,65707.28,5913.65,5913.65,0.00,77534.59,2025-06-01
INV-0114,36AAACG3456I1Z1,Global Tech Solutions,61910.55,5571.95,5571.95,0.00,73054.45,2025-06-11
INV-0115,19AAACS7890J1Z4,Sunrise Distributors,57360.45,5162.44,5162.44,0.00,67685.33,2025-06-22
INV-0116,24AAACP2345K1Z7,Pinnacle Industries,25840.35,2325.63,2325.63,0.00,30491.61,2025-06-14
INV-0117,33AAACN6789L1Z0,Nova Logistics,76790.98,6911.19,6911.19,0.00,90613.36,2025-06-22
INV-0118,06AAACE0123M1Z3,Everest Suppliers,12665.77,1139.92,1139.92,0.00,14945.61,2025-06-25
INV-0119,27AAACS4567N1Z6,Silverline Corp,12253.73,1102.84,1102.84,0.00,14459.40,2025-07-25
INV-0120,09AAACA8901O1Z9,Ashoka Metals,30796.68,2771.70,2771.70,0.00,36340.08,2025-06-17
INV-0121,27AAACB1234F1Z5,Shree Balaji Traders,65534.62,5898.11,5898.11,0.00,77330.85,2025-07-17
INV-0122,07AAACO5678G1Z2,Om Enterprises,39456.87,3551.12,3551.12,0.00,46559.11,2025-06-08
INV-0123,29AAACK9012H1Z8,Kumar & Sons,77983.68,7018.53,7018.53,0.00,92020.74,2025-06-25
INV-0124,36AAACG3456I1Z1,Global Tech Solutions,10910.01,981.90,981.90,0.00,12873.81,2025-06-19
INV-0125,19AAACS7890J1Z4,Sunrise Distributors,67205.35,6048.48,6048.48,0.00,79302.31,2025-07-10
INV-0126,24AAACP2345K1Z7,Pinnacle Industries,71408.88,6426.80,6426.80,0.00,84262.48,2025-06-24
INV-0127,33AAACN6789L1Z0,Nova Logistics,48301.41,4347.12,4347.12,0.00,56995.66,2025-07-16
INV-0128,06AAACE0123M1Z3,Everest Suppliers,10216.64,919.50,919.50,0.00,12055.64,2025-07-13
INV-0129,27AAACS4567N1Z6,Silverline Corp,22092.37,1988.32,1988.32,0.00,26069.00,2025-06-19
INV-0130,09AAACA8901O1Z9,Ashoka Metals,78891.61,7100.24,7100.24,0.00,93092.10,2025-07-25
INV-0131,27AAACB1234F1Z5,Shree Balaji Traders,22459.32,2021.34,2021.34,0.00,26502.00,2025-06-07
INV-0132,07AAACO5678G1Z2,Om Enterprises,33509.47,3015.85,3015.85,0.00,39541.17,2025-06-30
INV-0133,29AAACK9012H1Z8,Kumar & Sons,52676.33,4740.87,4740.87,0.00,62158.07,2025-06-24
INV-0134,36AAACG3456I1Z1,Global Tech Solutions,17199.06,1547.91,1547.91,0.00,20294.89,2025-06-23
INV-0135,19AAACS7890J1Z4,Sunrise Distributors,20713.03,1864.17,1864.17,0.00,24441.38,2025-06-18
INV-0136,24AAACP2345K1Z7,Pinnacle Industries,57636.52,5187.28,5187.28,0.00,68011.09,2025-07-14
INV-0137,33AAACN6789L1Z0,Nova Logistics,53602.65,4824.24,4824.24,0.00,63251.13,2025-07-09
INV-0138,06AAACE0123M1Z3,Everest Suppliers,52623.37,4736.10,4736.10,0.00,62095.58,2025-07-05
INV-0139,27AAACS4567N1Z6,Silverline Corp,59684.51,5371.60,5371.60,0.00,70427.72,2025-06-11
INV-0140,09AAACA8901O1Z9,Ashoka Metals,39669.52,3570.26,3570.26,0.00,46810.03,2025-06-18
INV-0141,27AAACB1234F1Z5,Shree Balaji Traders,79214.25,7129.28,7129.28,0.00,93472.82,2025-07-11
INV-0142,07AAACO5678G1Z2,Om Enterprises,56612.15,5095.10,5095.10,0.00,66802.34,2025-06-15
INV-0143,29AAACK9012H1Z8,Kumar & Sons,56346.07,5071.15,5071.15,0.00,66488.36,2025-07-24
INV-0144,36AAACG3456I1Z1,Global Tech Solutions,62623.52,5636.11,5636.11,0.00,73895.75,2025-06-04
INV-0145,19AAACS7890J1Z4,Sunrise Distributors,22178.61,1996.08,1996.08,0.00,26170.76,2025-06-03
INV-0146,24AAACP2345K1Z7,Pinnacle Industries,65378.44,5884.06,5884.06,0.00,77146.56,2025-06-26
INV-0147,33AAACN6789L1Z0,Nova Logistics,20709.64,1863.87,1863.87,0.00,24437.38,2025-06-14
INV-0148,06AAACE0123M1Z3,Everest Suppliers,46525.44,4187.29,4187.29,0.00,54900.02,2025-07-07
INV-0149,27AAACS4567N1Z6,Silverline Corp,45054.71,4054.93,4054.93,0.00,53164.56,2025-06-21
INV-0150,09AAACA8901O1Z9,Ashoka Metals,18505.06,1665.45,1665.45,0.00,21835.97,2025-07-02
INV-0151,27AAACB1234F1Z5,Shree Balaji Traders,14890.80,1340.17,1340.17,0.00,17571.14,2025-07-29
INV-0152,07AAACO5678G1Z2,Om Enterprises,21071.30,1896.41,1896.41,0.00,24864.13,2025-06-10
INV-0153,29AAACK9012H1Z8,Kumar & Sons,11622.00,1045.98,1045.98,0.00,13713.96,2025-06-16
INV-0154,36AAACG3456I1Z1,Global Tech Solutions,23624.72,2126.22,2126.22,0.00,27877.17,2025-07-05
INV-0155,19AAACS7890J1Z4,Sunrise Distributors,11568.54,1041.17,1041.17,0.00,13650.88,2025-07-08
INV-0156,24AAACP2345K1Z7,Pinnacle Industries,15710.85,1413.97,1413.97,0.00,18538.80,2025-07-08
INV-0157,33AAACN6789L1Z0,Nova Logistics,14985.01,1348.65,1348.65,0.00,17682.31,2025-06-15
INV-0158,06AAACE0123M1Z3,Everest Suppliers,29933.14,2693.99,2693.99,0.00,35321.11,2025-06-09
INV-0159,27AAACS4567N1Z6,Silverline Corp,12642.89,1137.86,1137.86,0.00,14918.61,2025-06-06
INV-0160,09AAACA8901O1Z9,Ashoka Metals,16336.73,1470.31,1470.31,0.00,19277.34,2025-07-26
INV-0161,27AAACB1234F1Z5,Shree Balaji Traders,6644.74,598.02,598.02,0.00,7840.79,2025-07-11
INV-0162,07AAACO5678G1Z2,Om Enterprises,7399.73,665.98,665.98,0.00,8731.68,2025-07-14
INV-0163,29AAACK9012H1Z8,Kumar & Sons,11332.40,1019.91,1019.91,0.00,13372.23,2025-06-05
INV-0164,36AAACG3456I1Z1,Global Tech Solutions,10771.51,969.43,969.43,0.00,12710.38,2025-07-09
INV-0165,19AAACS7890J1Z4,Sunrise Distributors,19941.82,1794.77,1794.77,0.00,23531.35,2025-07-04
INV-0166,24AAACP2345K1Z7,Pinnacle Industries,8771.21,789.41,789.41,0.00,10350.03,2025-07-06
INV-0167,27AAACB1234F1Z5,Shree Balaji Traders,17911.70,1612.06,1612.06,0.00,21135.81,2025-06-01
INV-0168,07AAACO5678G1Z2,Om Enterprises,15204.25,1368.38,1368.38,0.00,17941.01,2025-06-08
INV-0169,36AAACG3456I1Z1,Global Tech Solutions,15225.66,1370.31,1370.31,0.00,17966.28,2025-07-05
INV-0170,09AAACA8901O1Z9,Ashoka Metals,32028.09,2882.53,2882.53,0.00,37793.15,2025-07-20
INV-0171,27AAACB1234F1Z5,Shree Balaji Traders,18885.62,1699.70,1699.70,0.00,22285.03,2025-06-19
INV-0172,07AAACO5678G1Z2,Om Enterprises,13061.05,1175.49,1175.49,0.00,15412.04,2025-06-01
INV-0173,29AAACK9012H1Z8,Kumar & Sons,36027.29,3242.45,3242.45,0.00,42512.20,2025-06-17
INV-0174,36AAACG3456I1Z1,Global Tech Solutions,24049.05,2164.41,2164.41,0.00,28377.88,2025-07-03
INV-0175,19AAACS7890J1Z4,Sunrise Distributors,27815.70,2503.41,2503.41,0.00,32822.53,2025-07-26
INV-0176,24AAACP2345K1Z7,Pinnacle Industries,20632.50,1856.92,1856.92,0.00,24346.35,2025-07-24
INV-0177,33AAACN6789L1Z0,Nova Logistics,20973.74,1887.63,1887.63,0.00,24749.01,2025-07-09
INV-0178,06AAACE0123M1Z3,Everest Suppliers,9972.78,897.55,897.55,0.00,11767.88,2025-06-24
INV-0179,27AAACS4567N1Z6,Silverline Corp,24062.77,2165.65,2165.65,0.00,28394.07,2025-07-05
INV-0180,09AAACA8901O1Z9,Ashoka Metals,28837.49,2595.38,2595.38,0.00,34028.24,2025-07-30
INV-0181,27AAACB1234F1Z5,Shree Balaji Traders,18258.84,1643.30,1643.30,0.00,21545.43,2025-06-01
INV-0182,07AAACO5678G1Z2,Om Enterprises,19973.61,1797.62,1797.62,0.00,23568.86,2025-07-02
INV-0183,29AAACK9012H1Z8,Kumar & Sons,5486.92,493.82,493.82,0.00,6474.57,2025-07-30
INV-0184,36AAACG3456I1Z1,Global Tech Solutions,10444.71,940.02,940.02,0.00,12324.76,2025-06-11
INV-0185,36AAACG3456I1Z1,Global Tech Solutions,19779.82,1780.18,1780.18,0.00,23340.19,2025-06-16
INV-0186,36AAACG3456I1Z1,Global Tech Solutions,17101.62,1539.14,1539.14,0.00,20179.91,2025-06-21
INV-0187,19AAACS7890J1Z4,Sunrise Distributors,15000.00,1350.00,1350.00,0.00,17700.00,2025-06-16
INV-0188,24AAACP2345K1Z7,Pinnacle Industries,15000.00,1350.00,1350.00,0.00,17700.00,2025-06-04
INV-0189,33AAACN6789L1Z0,Nova Logistics,12408.72,1116.79,1116.79,0.00,14642.29,2025-07-07
INV-0190,33AAACN6789L1Z0,Nova Logistics,12408.72,1116.79,1116.79,0.00,14642.29,2025-07-07
INV-0191,06AAACE0123M1Z3,Everest Suppliers,19469.49,1752.26,1752.26,0.00,22974.00,2025-06-06
INV-0192,06AAACE0123M1Z3,Everest Suppliers,19469.49,1752.26,1752.26,0.00,22974.00,2025-06-06
INV-0193,27AAACS4567N1Z6,Silverline Corp,17319.08,1558.71,1558.71,0.00,20436.51,2025-06-05
INV-0194,27AAACS4567N1Z6,Silverline Corp,17319.08,1558.71,1558.71,0.00,20436.51,2025-06-05
INV-0197,07AAACO5678G1Z2,Om Enterprises,29792.52,2681.32,2681.32,0.00,35155.17,2025-07-31
INV-0198,29AAACK9012H1Z8,Kumar & Sons,26494.11,2384.47,2384.47,0.00,31263.05,2025-06-17
INV-0199,36AAACG3456I1Z1,Global Tech Solutions,25830.21,2324.72,2324.72,0.00,30479.65,2025-07-09
